<?xml version="1.0"?>
<MenuItems>



    <MenuItem id="pingIpDevice">
    <Name>Ping an IP device</Name>
        <ConfigUI>
                <Field
                    id="infoLabel1"
                    type="label">
                    <Label>Utility to ping an ip device, output is send to logfile</Label>
                </Field>

                <Field
                    id="ipDevice"
                    type="textfield"
                    defaultValue="192.168.1.1"
                    tooltip="">
                    <Label>ip-number of device to be ping-ed</Label>
                </Field>
                <Field
                    id="execute"
                    type="button"	>
                    <Label> ....after selection click</Label><Title>EXECUTE</Title> <CallbackMethod>ipnumberOfDeviceCallback</CallbackMethod>
                </Field>
        
        </ConfigUI>
    </MenuItem>
    
    <MenuItem id="menu5-1">
        <Name>Print devices and variables IDs and names to INDIGO log</Name>
        <CallbackMethod>inpPrintdevNamesIds</CallbackMethod>
    </MenuItem>
    <MenuItem id="menu5-2">
        <Name>Print States of all devices and variables to INDIGO log</Name>
        <CallbackMethod>inpPrintdevStates</CallbackMethod>
    </MenuItem>
    <MenuItem id="menu5-3">
        <Name>Print zWave info: to log and file ~/documents/indigoUtilities/zWave.dot zwave.svg (Graphviz output)</Name>
        <CallbackMethod>inpPrintdevzWave</CallbackMethod>
    </MenuItem>
    <MenuItem id="menu5-5">
        <Name>Print All Trigers and triggeringing devices and variables INDIGO log</Name>
        <CallbackMethod>inpPrintTriggers</CallbackMethod>
    </MenuItem>
    <MenuItem id="SQLbackup">
        <Name>Create and test a backup of the SQLITE db, check logfile for result</Name>
        <CallbackMethod>executeBACKUP</CallbackMethod>
    </MenuItem>
    <MenuItem id="SQLpostgresBackup">
        <Name>Create dumpfile.zip of the postgres db  in indigoUtilities directory</Name>
        <CallbackMethod>executeBACKUPpostgres</CallbackMethod>
    </MenuItem>
    <MenuItem id="IndigoBackup">
        <Name>Create a backup of the indigo config files and config database in indigoUtilities directory</Name>
        <CallbackMethod>executeBACKUPindigo</CallbackMethod>
    </MenuItem>
    
    <MenuItem id="fixSQL">
        <Name>Fix SQLITE db (check logfile for result and follow step in logfile)</Name>
          <CallbackMethod>executeFIX</CallbackMethod>
    </MenuItem>

    <MenuItem id="fixSQLCancel">
        <Name>Fix SQLITE ... CANCEL job</Name>
          <CallbackMethod>executeFIXCancel</CallbackMethod>
    </MenuItem>
    
    <MenuItem id="deleteDBrecords">
        <Name>Delete duplicate records in SQL Database</Name>
        <ConfigUI>
            <Field  id="infoLabel1"
                    type="label">
                    <Label>Delete records with same timestamp (keep last record) in SQL database</Label>
            </Field>
            <Field  id="infoLabel2"
                    type="label">
                    <Label>if you use  SQLITE please DISABLE SQL-LOGGER FIRST IN INDIGO before running, enable after finished</Label>
            </Field>
            <Field  id="execOrTest"
                    type="menu"
                    defaultValue="test"
                    tooltip="">
                    <Label> select execution mode:</Label>
                    <List>
                        <Option value="test" >test only, create proposed SQL statements to file squeezeSQL in documents indigoutilities directory </Option>
                        <Option value="exec" >execute deletions </Option>
                        <Option value="execquiet" >execute deletions without logging details </Option>
                        <Option value="stop" >stop current delete job</Option>
                        <Option value="doNothing" >do nothing</Option>
                    </List>
            </Field>
            <Field  id="execute"
                    type="button"	>
                    <Label> ....after selection click</Label><Title>EXECUTE</Title> 
                    <CallbackMethod>executeDatabaseSqueeze</CallbackMethod>
            </Field>
        </ConfigUI>
    </MenuItem>
    <MenuItem id="pruneDevsandVars">
        <Name>Prune individual devices and variables in SQLlogger</Name>
        <ConfigUI>
            <Field  id="devOrVar"
                    type="menu"
                    defaultValue="dev"
                    tooltip="">
                    <Label>device or variable:</Label>
                    <List>
                        <Option value="dev" >device </Option>
                        <Option value="var" >variable</Option>
                    </List>
            </Field>
            <Field
                    id="variable"
                    visibleBindingId="devOrVar"
                    visibleBindingValue="var"
                    type="menu"
                    tooltip="you have to click on your choice to signal your entry" >
                    <Label>Select  Variable:</Label>
                    <List class="indigo.variables" filter=""  dynamicReload="true"/>
                    <CallbackMethod>pickVariableCALLBACK</CallbackMethod>
            </Field>
                
            <Field
                    id="device"
                    visibleBindingId="devOrVar"
                    visibleBindingValue="dev"
                    type="menu"
                    tooltip="you have to click on your choice to signal your entry" >
                    <Label>Select  Device:</Label>
                    <List class="self" filter="" method="filterDevices" dynamicReload="true"/>
                    <CallbackMethod>pickDeviceCALLBACK</CallbackMethod>
            </Field>

            <Field  id="deleteBeforeThisDays"
                    type="menu"
                    defaultValue="186"
                    tooltip="">
                    <Label> keep how much data:</Label>
                    <List>
                        <Option value="1" > 1 day</Option>
                        <Option value="2" > 2 days</Option>
                        <Option value="3" > 3 days</Option>
                        <Option value="4" > 4 days</Option>
                        <Option value="5" > 5 days</Option>
                        <Option value="6" > 6 days</Option>
                        <Option value="7" > 1 week</Option>
                        <Option value="14" > 2 weeks</Option>
                        <Option value="21" > 3 weeks</Option>
                        <Option value="31" > 1 month</Option>
                        <Option value="62" > 2 months</Option>
                        <Option value="93" > 3 months</Option>
                        <Option value="124" > 4 months</Option>
                        <Option value="155" > 5 months</Option>
                        <Option value="186" > 6 months</Option>
                    </List>
            </Field>
            <Field  id="test"
                    type="button"	>
                    <Label> ....after selection click</Label><Title>TEST</Title> 
                    <CallbackMethod>executePruneDatabaseTEST</CallbackMethod>
            </Field>
            <Field  id="execute"
                    type="button"	>
                    <Label> ....after selection click</Label><Title>EXECUTE</Title> 
                    <CallbackMethod>executePruneDatabase</CallbackMethod>
            </Field>
        </ConfigUI>
    </MenuItem>


    <MenuItem id="printNumberOfRecords">
    <Name>Print number of records in DB for each device and variable to INDIGO log</Name>
        <CallbackMethod>executePrintNumberOfRecords</CallbackMethod>
    </MenuItem>

    <MenuItem id="printPluginidNamestoLogfile">
    <Name>Print plugin Names, IDs, mem, cpu,v, subprocs,..  to INDIGO log</Name>
        <CallbackMethod>printPluginidNamestoLogfile</CallbackMethod>
    </MenuItem>


    <MenuItem id="printmakepluginDateList">
    <Name>Print plugin VERSION list from indigo Store for your active plugin, can run once a day</Name>
        <CallbackMethod>printmakepluginDateList</CallbackMethod>
    </MenuItem>


    <MenuItem id="printMACtemperatures">
    <Name>print MAC cpu and fan temperatures to log</Name>
        <CallbackMethod>printMACtemperatures</CallbackMethod>
    </MenuItem>



    <MenuItem id="printDeviceStates">
    <Name>Retrieve (records) from SQLite/postGRES:  Variable or Device/State(s),  printed to (log)file</Name>
        <ConfigUI>
                <Field
                    id="infoLabel1"
                    type="label">
                    <Label>Retrieve from SQLite/postGRES:  Variable or Device/State(s),  print to (log)file</Label>
                </Field>

                <Field
                    id="devOrVar"
                    type="menu"
                    defaultValue="dev"
                    tooltip="">
                    <List>
                        <Option value="dev" >devices </Option>
                        <Option value="var" >variables </Option>
                    </List>
                    <Label>devices or variables?</Label>
                    <CallbackMethod>devOrVarCALLBACK</CallbackMethod>
                </Field>

                <Field
                    id="variable"
                    visibleBindingId="devOrVar"
                    visibleBindingValue="var"
                    type="menu"
                    tooltip="you have to click on your choice to signal your entry" >
                    <Label>Select  Variable:</Label>
                    <List class="indigo.variables" filter=""  dynamicReload="true"/>
                    <CallbackMethod>pickVariableCALLBACK</CallbackMethod>
                </Field>
                
                <Field
                    id="device"
                    visibleBindingId="devOrVar"
                    visibleBindingValue="dev"
                    type="menu"
                    tooltip="you have to click on your choice to signal your entry" >
                    <Label>Select  Device:</Label>
                    <List class="self" filter="" method="filterDevices" dynamicReload="true"/>
                    <CallbackMethod>pickDeviceCALLBACK</CallbackMethod>
                </Field>


                <Field
                    id="state0"
                    visibleBindingId="devOrVar"
                    visibleBindingValue="dev"
                    type="menu"
                    defaultValue=""
                    tooltip="* if for all states" >
                    <Label>Select state0:</Label>
                    <List class="self" filter="" method="filterStates0" dynamicReload="true"/>
                </Field>
                
                <Field
                    id="state0Condition"
                    type="menu"
                    defaultValue="any"
                    tooltip="">
                    <Label>Select state0 condition:</Label>
                    <List>
                        <Option value="eq"    >equal</Option>
                        <Option value="ne"    >not equal</Option>
                        <Option value="any"   >any</Option>
                        <Option value="notNULL" > not NULL</Option>
                    </List>
                </Field>
                <Field
                    id="state0Value"
                    type="textfield"
                    visibleBindingId="state0Condition"
                    visibleBindingValue="eq,ne"
                    defaultValue="">
                    <Label>value to be compared to</Label>
                </Field>
                
                <Field
                    id="state1"
                    visibleBindingId="devOrVar"
                    visibleBindingValue="dev"
                    type="menu"
                    defaultValue="0">
                    <Label>Select state1:</Label>
                    <List class="self" filter="" method="filterStates" dynamicReload="true"/>
                </Field>
                <Field
                    id="state1Condition"
                    type="menu"
                    defaultValue="any"
                    tooltip="">
                    <Label>Select state1 condition:</Label>
                    <List>
                        <Option value="eq"    >equal</Option>
                        <Option value="ne"    >not equal</Option>
                        <Option value="any"   >any</Option>
                        <Option value="notNULL" > not NULL</Option>
                    </List>
                </Field>
                <Field
                    id="state1Value"
                    type="textfield"
                    visibleBindingId="state1Condition"
                    visibleBindingValue="eq,ne"
                    defaultValue="">
                    <Label>value to be compared to</Label>
                </Field>

                <Field
                    id="state2"
                    visibleBindingId="devOrVar"
                    visibleBindingValue="dev"
                    type="menu"
                    defaultValue="0">
                    <Label>Select state2:</Label>
                    <List class="self" filter="" method="filterStates" dynamicReload="true"/>
                </Field>
                <Field
                    id="state3"
                    visibleBindingId="devOrVar"
                    visibleBindingValue="dev"
                    type="menu"
                    defaultValue="0">
                    <Label>Select state3:</Label>
                    <List class="self" filter="" method="filterStates" dynamicReload="true"/>
                </Field>
                <Field
                    id="state4"
                    visibleBindingId="devOrVar"
                    visibleBindingValue="dev"
                    type="menu"
                    defaultValue="0">
                    <Label>Select state4:</Label>
                    <List class="self" filter="" method="filterStates" dynamicReload="true"/>
                </Field>
               <Field
                    id="state5"
                    visibleBindingId="devOrVar"
                    visibleBindingValue="dev"
                    type="menu"
                    defaultValue="0">
                    <Label>Select state5:</Label>
                    <List class="self" filter="" method="filterStates" dynamicReload="true"/>
                </Field>
               <Field
                    id="state6"
                    visibleBindingId="devOrVar"
                    visibleBindingValue="dev"
                    type="menu"
                    defaultValue="0">
                    <Label>Select state6:</Label>
                    <List class="self" filter="" method="filterStates" dynamicReload="true"/>
                </Field>


                <Field
                    id="id"
                    type="textfield"
                    defaultValue="0"
                    tooltip="">
                    <Label>first id (if blank select the LAST xx records)</Label>
                </Field>
                
                <Field
                    id="numberOfRecords"
                    type="menu"
                    defaultValue="1">
                    <List>
                        <Option value="1"     >    1</Option>
                        <Option value="2"     >    2</Option>
                        <Option value="5"     >    5</Option>
                        <Option value="10"    >   10</Option>
                        <Option value="50"    >   50</Option>
                        <Option value="100"   >  100</Option>
                        <Option value="500"   >  500</Option>
                        <Option value="1000"  > 1000</Option>
                        <Option value="5000"  > 5000</Option>
                        <Option value="10000" >10000</Option>
                        <Option value="noLimit"> dont limit the number of records.. use carefully</Option>
                    </List>
                    <Label>how many records to retrieve:</Label>
                </Field>
                
                <Field
                    id="printFile"
                    type="textfield"
                    defaultValue=""
                    tooltip="">
                    <Label>print to file ( in ~indigo/indigoUtilities/ empty=Indigo Log):</Label>
                </Field>
        
                <Field
                    id="separator"
                    type="textfield"
                    defaultValue=""
                    tooltip="">
                    <Label>separator between fields (empty=default sql format):</Label>
                </Field>

                <Field
                    id="header"
                    type="menu"
                    defaultValue="yes"
                    tooltip="">
                    <List>
                        <Option value="yes" >yes</Option>
                        <Option value="no"	>no</Option>
                    </List>
                    <Label>print header:</Label>
                </Field>
            
                <Field
                    id="execute"
                    type="button"	>
                    <Label> ....after selection click</Label><Title>EXECUTE</Title> <CallbackMethod>executeprintDeviceStates</CallbackMethod>
                </Field>

                <Field
                    id="msg"
                    type="textfield"
                    defaultValue="Enter data"
                    tooltip="" >
                    <Label>Status-----------------></Label>
                </Field>


        </ConfigUI>
    </MenuItem>

</MenuItems>
