<?xml version="1.0"?>
<PluginConfig>
    <Field
        id="infoLabel1"
        type="label">
        <Label>utilities Plugin                          Developed by Karl Wachs</Label>
    </Field>

    <Field id="infoLabel226" type="label"> <Label>== Debug:... </Label>  </Field>

    <Field    id="debugLogic"       type="checkbox"  defaultValue="false"   > <Label>... (1) Logic:</Label>  </Field>
    <Field    id="debugSQL"         type="checkbox"  defaultValue="false"   > <Label>... (2) log SQL queries ..:</Label>  </Field>
    <Field    id="debugall"         type="checkbox"  defaultValue="false"   > <Label>... (20) all of the above = everything:</Label>  </Field>
    <Field    id="logFileActive2"   type="menu"      defaultValue="standard" > <Label> send logs to ..:</Label>
        <List>
            <Option value="standard" > no special utilities logfile, std indigo logfile</Option>
            <Option value="indigo"   > .. Perceptive Automation/Indigo x/Logs/com.karlwachs.utilities/plugin.log </Option>
        </List>
    </Field>

    <Field id="infoLabel227" type="label"> <Label>.                     for DETAILED time tracking set indigo variable "enableTimeTracking_utilities"</Label>  </Field>
    <Field    id="do_cProfile" type="textfield"  defaultValue="on/off/print"  readonly="yes"     > 
        <Label>... enable or stop or  print intermediate results use on/off/print:</Label>  
    </Field>


    <Field
        id="infoLabelLang"
        type="label">
        <Label>== For language /char encoding, to get your type: "locale" in terminal  
        should get somethiung like this:   LANG="en_US.utf-8"... </Label>
    </Field>
    <Field
        id="localeLanguage"
        type="textfield"
        defaultValue="en_US" >
        <Label>Locale Language:</Label>
    </Field>


    <Field
        id="enccodingChar"
        type="textfield"
        defaultValue="utf-8" >
        <Label>character set used:</Label>
    </Field>


    <Field
        id="infoLabelCPU"
        type="label">
        <Label>== Enable CPU tracking for Indigo server client, webserver and plugins 
        measured in  CPUsec per 100sec of 1 CPU (total capacity is x*#ofCPUs)....</Label>
    </Field>
    <Field
        id="PLUGINSallCalcCPU"
        type="menu"
        defaultValue="0" >
        <List>
            <Option value="0"    >disable</Option>
            <Option value="1"    >enable, will create a variable CPU_used_...</Option>
        </List>
        <Label>enable CPU tracking for Indigo + plugins [units CPUsec in 100sec] </Label>
    </Field>




    <Field
        id="infoLabelCPUtemp"
        type="label">
        <Label>== MAC temperature and fan speed measurements...</Label>
    </Field>
    <Field
        id="cpuTempFreq"
        type="menu"
        defaultValue="" >
        <Label>Enable MAC cpu temp and fan speed variable populations:</Label>
        <List>
            <Option value=""    >off</Option>
            <Option value="20"  >check every 20 secs</Option>
            <Option value="30"  >check every 30 secs</Option>
            <Option value="60"  >check every 1 minute</Option>
            <Option value="120" >check every 2 minutes</Option>
            <Option value="180" >check every 3 minutes</Option>
            <Option value="240" >check every 4 minutes</Option>
            <Option value="300" >check every 5 minutes</Option>
        </List>
    </Field>
    <Field
        id="cpuTempFormat"
        type="textfield"
        defaultValue="%.1f" 
        visibleBindingId="cpuTempFreq"
        visibleBindingValue="20,30,60,120,180,240,300">
        <Label>... temp format:</Label>
    </Field>

    <Field
        id="cpuTempUnit"
        type="menu"
        defaultValue="C" 
        visibleBindingId="cpuTempFreq"
        visibleBindingValue="20,30,60,120,180,240,300">
        <Label>... temp Unit:</Label>
        <List>
            <Option value="C"  >C</Option>
            <Option value="F"  >F</Option>
        </List>
    </Field>


    <Field
        id="infoLabelSQL"
        type="label">
        <Label>== SQL stuff...</Label>
    </Field>
    <Field
        id="liteOrPsql"
        type="menu"
        defaultValue="sqlite" >
        <Label>Pick SQL database tool:</Label>
        <List>
            <Option value="sqlite"  >sqlLite used in SQL logger</Option>
            <Option value="psql"    >postgre used in SQL logger</Option>
        </List>
    </Field>
    
    <Field
        visibleBindingId="liteOrPsql"
        visibleBindingValue="psql"
        id="liteOrPsqlString"
        type="textfield"
        defaultValue="/Library/PostgreSQL/bin/psql indigo_history postgres ">
        <Label>postgres command string </Label>
    </Field>
    
    <Field
        visibleBindingId="liteOrPsql"
        visibleBindingValue="psql"
        id="postgresUserId"
        type="textfield"
        defaultValue="postgres">
        <Label>postgres userid</Label>
    </Field>
    
    <Field
        visibleBindingId="liteOrPsql"
        visibleBindingValue="psql"
        id="postgresPassword"
        type="textfield"
		secure="true"
        defaultValue="">
        <Label>postgres password (leave blank if not set)</Label>
    </Field>

    <Field
        id="orderByID"
        type="menu"
        defaultValue="no">
        <List>
            <Option value="yes"  >yes</Option>
            <Option value="no"   >no</Option>
        </List>
        <Label>use ORDER by id (when id column is not ordered, should be on for POSTGRES)</Label>
    </Field>
    <Field
        id="maxSQLlength"
        type="menu"
        defaultValue="200000">
        <List>
            <Option value="50000"   >50,000</Option>
            <Option value="100000"  >100,000</Option>
            <Option value="200000"  >200,000</Option>
            <Option value="400000"  >400,000</Option>
            <Option value="500000"  >500,000</Option>
            <Option value="1000000"  > 1,000,000</Option>
            <Option value="2000000"  > 2,000,000</Option>
            <Option value="10000000000"  > unlimited</Option>
        </List>
        <Label>max # bytes in sql del statmnt for squeeze-del dupl. recs (SQLITE has lower limit)</Label>
    </Field>



    <Field
        id="infoLabelbackupL"
        type="label">
        <Label>== Backup stuff...</Label>
    </Field>
    <Field 
        id="noOfBackupCopies"
        type="menu"
        defaultValue="no">
        <List>
            <Option value="1"  >1</Option>
            <Option value="2"  >2</Option>
            <Option value="3"  >3</Option>
            <Option value="4"  >4</Option>
            <Option value="5"  >5</Option>
            <Option value="6"  >6</Option>
            <Option value="7"  >7</Option>
        </List>
        <Label>keep how many backup copies</Label>
    </Field>
        

</PluginConfig>
